,Wounded,Gender of Victims (M/F/Both),Targeted Specific Victim(s),Suicide (or attempted suicide) by Shooter (Y/N),Pre-planned school attack,Day of week (formula),School Type,Number of Shooters,Killed
0,0.0,0,0,0,0,0,2,1.0,1
1,1.0,0,0,0,0,0,1,1.0,0
2,0.0,-1,1,0,0,0,2,1.0,0
3,1.0,0,1,0,0,4,2,1.0,0
4,2.0,0,0,0,0,0,2,2.0,0
5,5.0,2,1,0,0,2,2,8.0,1
6,0.0,0,1,0,0,2,2,1.0,1
7,1.0,0,1,0,0,4,2,1.0,0
8,2.0,2,0,0,0,4,2,1.0,0
9,1.0,0,1,0,0,4,2,2.0,0
10,0.0,0,1,0,0,0,0,1.0,1
11,2.0,0,1,0,0,0,2,1.0,1
12,1.0,1,1,0,0,0,2,1.0,0
13,4.0,0,1,0,0,0,2,0,0
14,0.0,0,1,0,0,0,2,1.0,1
15,1.0,0,1,0,0,1,1,1.0,0
16,1.0,0,1,0,0,1,1,1.0,0
17,2.0,2,-1,0,0,4,2,1.0,0
18,0.0,0,-2,-1,-1,5,2,0,1
19,0.0,0,1,0,1,1,1,1.0,1
20,1.0,0,1,0,0,4,2,1.0,0
21,2.0,-1,1,0,0,2,2,1.0,0
22,0.0,0,1,0,0,3,1,1.0,1
23,1.0,1,0,0,0,1,1,1.0,0
24,1.0,1,1,0,0,0,2,1.0,0
25,1.0,0,1,0,0,3,2,1.0,0
26,0.0,0,0,1,0,2,1,1.0,1
27,1.0,0,1,0,0,4,2,1.0,0
28,0.0,0,1,0,0,3,2,1.0,1
29,0.0,0,1,0,0,4,2,1.0,1
30,0.0,-1,1,0,0,1,2,1.0,0
31,2.0,2,0,0,0,2,1,1.0,1
32,1.0,0,1,0,0,3,2,1.0,0
33,2.0,0,0,0,0,4,2,2.0,0
34,1.0,0,0,0,0,4,2,1.0,0
35,1.0,0,0,1,0,2,0,1.0,1
36,0.0,0,1,0,0,0,0,1.0,1
37,0.0,0,1,0,0,2,2,1.0,1
38,4.0,2,1,0,0,0,1,2.0,0
39,1.0,0,1,0,0,0,2,1.0,0
40,0.0,1,1,0,0,2,0,1.0,1
41,1.0,0,1,0,0,0,2,1.0,0
42,1.0,0,1,0,0,2,1,1.0,0
43,1.0,0,0,0,0,2,1,1.0,0
44,0.0,0,1,0,0,0,2,0,1
45,0.0,0,1,-1,-1,1,2,0,1
46,1.0,0,0,0,0,0,1,1.0,0
47,1.0,0,0,0,0,0,1,1.0,0
48,1.0,1,1,1,0,2,1,1.0,1
49,0.0,0,1,0,0,3,0,1.0,1
50,0.0,0,1,0,0,4,2,1.0,1
51,1.0,0,1,0,0,3,1,1.0,0
52,2.0,0,1,0,0,4,2,1.0,0
53,1.0,1,1,0,0,1,1,1.0,0
54,1.0,1,1,0,0,3,1,1.0,0
55,5.0,2,1,0,0,5,2,2.0,0
56,5.0,2,1,0,1,0,2,1.0,0
57,1.0,0,-1,0,0,2,2,1.0,0
58,4.0,2,1,0,0,4,2,1.0,0
59,2.0,0,1,0,0,3,2,2.0,0
60,1.0,0,1,0,0,2,2,1.0,0
61,1.0,0,-1,0,0,0,2,1.0,0
62,1.0,2,0,0,0,0,2,1.0,1
63,2.0,0,1,0,0,3,2,1.0,0
64,3.0,2,1,0,0,1,2,1.0,0
65,4.0,2,1,0,0,4,2,1.0,0
66,0.0,1,1,1,0,1,2,1.0,2
67,0.0,0,-1,0,0,4,2,1.0,1
68,1.0,0,0,0,0,1,2,2.0,0
69,1.0,0,1,0,0,1,2,1.0,0
70,1.0,0,1,0,0,2,2,1.0,0
71,1.0,0,1,0,0,2,2,1.0,0
72,0.0,0,1,0,0,3,2,1.0,1
73,1.0,1,-1,0,0,4,2,0,1
74,1.0,0,1,0,0,3,2,1.0,0
75,1.0,0,1,0,0,3,2,1.0,0
76,3.0,0,1,0,1,3,0,1.0,1
77,0.0,0,0,0,0,1,2,1.0,1
78,0.0,0,0,0,0,3,1,1.0,2
79,0.0,0,1,0,1,4,2,1.0,1
80,2.0,2,-1,0,0,1,3,1.0,0
81,0.0,0,1,0,0,4,2,1.0,1
82,0.0,-1,1,0,0,6,0,1.0,0
83,1.0,0,1,0,0,0,2,0,0
84,1.0,0,-1,0,0,2,2,1.0,0
85,1.0,0,0,0,0,0,2,1.0,1
86,1.0,0,0,0,0,0,2,1.0,0
87,1.0,0,1,0,0,0,2,0,0
88,1.0,0,1,0,0,3,1,1.0,1
89,0.0,-1,1,0,0,0,2,2.0,0
90,1.0,0,1,0,0,2,2,1.0,1
91,11.0,2,0,0,1,0,2,1.0,3
92,1.0,0,1,1,0,4,3,1.0,0
93,1.0,2,1,0,1,0,1,1.0,1
94,2.0,0,-1,0,0,2,2,0,0
95,0.0,0,1,0,1,1,2,1.0,1
96,1.0,1,0,0,0,4,0,1.0,0
97,1.0,0,1,0,1,4,2,1.0,0
98,1.0,0,1,0,0,3,1,1.0,0
99,0.0,0,1,0,0,1,3,1.0,1
100,1.0,1,1,0,0,2,0,1.0,0
101,2.0,2,1,0,0,4,2,1.0,0
102,5.0,0,1,0,0,3,2,1.0,1
103,0.0,0,1,0,0,2,0,1.0,1
104,1.0,0,1,0,0,4,2,1.0,0
105,1.0,0,1,0,0,3,2,1.0,0
106,1.0,0,-1,0,0,3,2,0,0
107,1.0,2,1,0,0,4,2,1.0,1
108,4.0,0,0,0,0,4,2,0,0
109,5.0,0,0,0,0,3,2,2.0,0
110,1.0,0,1,0,0,0,2,1.0,1
111,1.0,0,0,0,0,3,0,1.0,0
112,1.0,0,1,0,0,4,2,1.0,0
113,0.0,-1,-1,0,0,2,2,0,0
114,1.0,2,0,1,0,0,3,1.0,1
115,0.0,1,1,0,0,2,0,1.0,1
116,2.0,2,1,0,0,4,0,1.0,0
117,1.0,0,1,0,0,3,2,1.0,0
118,3.0,2,1,0,0,2,2,1.0,1
119,1.0,0,1,0,0,0,1,1.0,0
120,2.0,0,1,0,0,0,2,1.0,0
121,2.0,2,1,0,0,1,2,1.0,0
122,0.0,-1,0,0,0,0,3,1.0,0
123,0.0,0,1,0,1,3,2,1.0,1
124,0.0,0,1,0,0,0,3,1.0,1
125,0.0,-1,-1,0,0,1,1,1.0,0
126,2.0,0,1,0,0,2,2,0,0
127,1.0,0,-1,0,0,0,1,0,0
128,1.0,0,1,0,0,1,2,1.0,0
129,0.0,-1,0,0,-1,1,2,1.0,0
130,0.0,1,1,0,0,4,0,1.0,0
131,0.0,0,1,0,0,0,2,1.0,1
132,2.0,0,-1,0,1,3,2,1.0,0
133,1.0,0,1,0,0,2,1,1.0,0
134,0.0,0,1,0,0,3,1,1.0,1
135,1.0,0,1,0,0,2,2,1.0,1
136,1.0,0,0,0,0,3,0,1.0,0
137,1.0,0,1,0,0,2,1,1.0,0
138,1.0,0,1,0,0,4,2,1.0,0
139,0.0,0,1,0,0,2,0,1.0,1
140,2.0,0,-1,0,0,4,2,1.0,2
141,0.0,0,1,0,0,3,1,1.0,1
142,8.0,2,-1,0,-1,4,1,0,0
143,0.0,0,0,0,0,2,2,1.0,1
144,0.0,0,1,1,0,5,2,1.0,0
145,1.0,0,1,0,0,1,1,1.0,0
146,3.0,0,1,0,0,1,2,1.0,0
147,1.0,0,0,0,0,2,2,1.0,0
148,0.0,0,1,0,0,3,2,1.0,1
149,8.0,2,0,0,0,0,0,1.0,3
150,1.0,0,1,0,0,2,2,1.0,0
151,1.0,1,1,0,0,2,2,1.0,0
152,1.0,0,1,0,0,0,2,1.0,0
153,1.0,0,0,0,0,2,1,1.0,0
154,0.0,0,1,0,0,3,2,1.0,1
155,0.0,0,0,0,0,3,0,1.0,1
156,2.0,0,1,0,0,2,1,2.0,0
157,1.0,0,1,0,0,4,2,1.0,0
158,2.0,0,1,0,0,1,2,1.0,0
159,1.0,0,1,0,0,0,2,1.0,0
160,1.0,1,0,0,-1,4,-1,1.0,0
161,3.0,0,1,0,0,0,2,4.0,0
162,1.0,0,1,0,0,4,1,1.0,0
163,0.0,0,1,0,0,0,2,1.0,1
164,1.0,0,1,1,0,1,2,1.0,0
165,1.0,0,0,0,0,4,0,1.0,0
166,1.0,0,0,0,0,3,0,1.0,0
167,1.0,0,1,0,0,0,2,2.0,0
168,0.0,1,1,0,0,4,3,1.0,1
169,0.0,1,1,0,0,3,2,1.0,1
170,1.0,0,1,0,0,0,2,1.0,0
171,0.0,2,1,0,0,3,0,1.0,2
172,1.0,0,0,0,0,4,2,1.0,0
173,10.0,0,1,0,0,1,2,1.0,0
174,1.0,0,1,0,0,0,2,1.0,0
175,0.0,0,0,0,0,2,2,1.0,1
176,0.0,1,1,0,0,3,2,1.0,1
177,2.0,0,1,0,0,4,2,1.0,0
178,1.0,0,1,0,0,0,2,1.0,0
179,1.0,0,1,1,0,4,2,1.0,1
180,1.0,0,1,0,0,0,2,1.0,0
181,1.0,0,0,0,-1,4,1,1.0,0
182,1.0,1,1,0,0,4,2,1.0,0
183,1.0,0,1,0,0,2,1,1.0,0
184,0.0,0,1,0,0,3,2,1.0,0
185,0.0,0,1,0,0,1,2,1.0,1
186,1.0,0,1,0,0,1,2,1.0,0
187,1.0,0,1,0,0,1,2,1.0,0
188,0.0,0,1,0,0,5,2,1.0,1
189,1.0,0,1,0,0,3,1,1.0,0
190,1.0,1,-1,0,0,1,2,1.0,0
191,1.0,1,1,0,0,4,1,1.0,0
192,1.0,0,1,0,0,1,1,1.0,0
193,3.0,0,1,0,0,1,0,1.0,0
194,2.0,0,1,0,0,4,2,1.0,0
195,0.0,0,1,-1,-1,6,2,0,1
196,1.0,0,1,0,0,1,2,1.0,0
197,0.0,0,1,0,0,2,2,1.0,1
198,1.0,0,1,0,0,2,2,1.0,0
199,0.0,0,0,0,0,2,2,1.0,1
200,0.0,0,1,0,0,4,2,1.0,1
201,1.0,1,0,0,0,0,2,1.0,0
202,1.0,0,1,0,0,1,2,2.0,1
203,0.0,0,1,1,-1,0,2,1.0,1
204,1.0,0,1,1,0,2,2,1.0,0
205,2.0,0,1,0,0,4,2,1.0,1
206,0.0,0,1,0,0,2,2,1.0,1
207,1.0,0,0,0,0,3,2,1.0,0
208,0.0,0,0,0,0,3,2,1.0,1
209,1.0,0,1,0,0,4,2,1.0,0
210,2.0,1,-1,0,-1,3,1,1.0,0
211,0.0,2,0,0,0,4,3,1.0,0
212,1.0,0,1,1,0,2,1,1.0,0
213,1.0,0,1,0,0,0,2,1.0,0
214,2.0,0,0,0,0,0,2,1.0,0
215,0.0,2,1,1,0,4,2,1.0,2
216,0.0,0,1,1,0,0,2,1.0,1
217,1.0,0,1,0,0,0,2,1.0,0
218,0.0,2,1,1,0,1,2,1.0,2
219,1.0,0,1,1,0,3,1,1.0,2
220,1.0,0,0,0,0,4,1,1.0,0
221,0.0,0,1,0,-1,6,2,1.0,1
222,1.0,1,1,1,0,0,2,1.0,0
223,1.0,0,0,0,0,1,2,1.0,0
224,1.0,1,-1,0,-1,2,2,1.0,0
225,0.0,1,1,0,0,3,3,1.0,0
226,1.0,0,0,0,0,3,2,1.0,0
227,0.0,1,0,0,0,0,2,1.0,1
228,2.0,0,1,1,1,0,2,1.0,1
229,1.0,0,1,0,0,2,2,1.0,0
230,1.0,0,1,0,0,0,2,1.0,0
231,0.0,0,0,1,0,3,2,1.0,1
232,0.0,0,1,0,0,0,2,1.0,1
233,5.0,2,1,0,0,0,2,2.0,0
234,1.0,0,0,0,0,2,2,1.0,0
235,0.0,0,1,0,0,1,1,1.0,1
236,3.0,0,1,0,0,4,2,1.0,0
237,1.0,1,0,0,0,4,2,0,0
238,0.0,0,1,0,0,5,2,1.0,1
239,0.0,0,1,0,0,1,2,1.0,1
240,1.0,0,1,0,0,3,0,1.0,1
241,0.0,0,1,0,0,4,1,1.0,1
242,1.0,0,1,0,0,4,2,1.0,0
243,1.0,1,1,0,1,4,2,1.0,0
244,1.0,0,1,0,0,3,2,1.0,0
245,1.0,0,1,0,0,0,2,1.0,0
246,1.0,0,1,0,0,1,2,1.0,0
247,12.0,2,0,1,1,4,0,1.0,2
248,1.0,0,1,0,0,3,2,1.0,0
249,0.0,0,0,0,0,4,0,1.0,1
250,1.0,0,1,1,0,3,0,1.0,0
251,1.0,0,1,1,0,1,2,1.0,0
252,0.0,2,1,1,-1,3,2,1.0,2
253,1.0,2,1,1,0,3,2,1.0,1
254,12.0,2,1,0,0,4,2,1.0,0
255,1.0,0,0,0,0,1,2,1.0,0
256,1.0,0,0,0,0,1,2,1.0,0
257,1.0,0,0,0,0,4,2,0,0
258,1.0,0,1,0,1,4,2,1.0,0
259,1.0,0,0,0,-1,4,0,1.0,0
260,1.0,1,-1,0,0,6,2,1.0,0
261,2.0,2,0,0,0,0,2,1.0,0
262,1.0,0,0,0,-1,2,2,1.0,0
263,0.0,0,1,0,0,2,0,1.0,1
264,2.0,0,1,0,0,1,2,1.0,0
265,0.0,0,1,0,0,2,2,1.0,1
266,1.0,0,1,0,0,0,2,1.0,0
267,0.0,-1,0,0,0,4,2,1.0,0
268,0.0,0,1,1,0,4,2,1.0,1
269,3.0,2,1,0,1,0,1,1.0,1
270,4.0,2,1,0,0,5,2,1.0,0
271,1.0,0,1,0,0,1,2,1.0,0
272,0.0,-1,1,0,0,1,2,1.0,0
273,1.0,1,1,1,0,3,1,1.0,0
274,1.0,0,1,0,0,2,2,1.0,0
275,1.0,1,0,0,0,2,1,1.0,0
276,1.0,0,1,0,0,0,2,1.0,0
277,2.0,0,1,0,0,4,2,1.0,0
278,2.0,0,0,0,0,2,2,1.0,0
279,0.0,0,1,0,0,1,2,1.0,1
280,7.0,2,-1,0,0,4,2,1.0,0
281,1.0,1,0,-1,-1,1,2,0,0
282,0.0,2,1,1,0,1,1,1.0,3
283,1.0,0,1,1,0,2,2,1.0,1
284,0.0,0,1,0,-1,1,2,1.0,1
285,0.0,-1,0,0,0,0,2,1.0,0
286,2.0,2,1,0,0,1,1,1.0,1
287,0.0,1,1,0,0,3,2,1.0,1
288,0.0,0,1,0,0,4,1,1.0,1
289,0.0,0,1,0,0,2,2,1.0,1
290,0.0,0,1,1,0,0,1,1.0,1
291,1.0,1,1,0,0,3,2,1.0,0
292,1.0,0,1,0,0,2,1,1.0,0
293,0.0,1,1,0,0,1,2,1.0,1
294,3.0,0,1,0,0,4,2,1.0,0
295,1.0,1,0,0,0,3,2,1.0,0
296,74.0,2,0,1,1,4,0,2.0,2
297,1.0,0,1,0,0,5,2,1.0,0
298,0.0,0,1,0,0,4,2,1.0,1
299,0.0,1,1,0,0,3,2,1.0,1
300,2.0,2,1,0,0,4,2,3.0,0
301,0.0,0,1,0,0,2,2,1.0,1
302,3.0,2,1,0,0,3,2,1.0,1
303,1.0,0,1,1,0,2,2,1.0,0
304,1.0,0,1,0,0,4,2,1.0,0
305,0.0,0,1,1,0,1,2,1.0,1
306,3.0,2,1,0,1,4,3,1.0,1
307,1.0,1,1,0,0,1,3,2.0,0
308,0.0,0,0,1,0,0,2,1.0,2
309,1.0,1,0,0,0,4,2,2.0,0
310,0.0,1,1,1,0,0,0,1.0,1
311,2.0,2,1,0,0,3,2,1.0,1
312,0.0,0,1,0,0,3,2,1.0,1
313,1.0,0,0,0,0,6,2,1.0,0
314,0.0,0,1,1,0,2,2,1.0,1
315,1.0,0,1,1,0,2,1,1.0,0
316,1.0,0,1,1,0,2,2,1.0,0
317,1.0,0,1,0,0,0,2,1.0,0
318,0.0,0,-1,0,0,2,2,1.0,1
319,2.0,0,-1,0,0,4,0,1.0,0
320,1.0,0,1,0,0,2,2,1.0,0
321,0.0,0,1,1,0,5,2,1.0,1
322,0.0,2,1,1,0,0,0,1.0,2
323,0.0,-1,0,0,-1,2,2,1.0,0
324,1.0,1,1,0,0,4,2,1.0,0
325,1.0,0,0,0,0,1,2,1.0,0
326,0.0,0,-1,1,0,2,2,1.0,1
327,1.0,0,1,0,0,1,2,1.0,0
328,1.0,1,1,1,0,2,2,1.0,0
329,1.0,0,-1,0,-1,4,2,1.0,0
330,0.0,1,1,0,0,2,2,1.0,1
331,0.0,1,1,0,0,4,2,1.0,1
332,0.0,-1,0,0,0,1,0,2.0,0
333,2.0,0,0,0,0,3,2,2.0,1
334,1.0,0,1,0,0,4,2,1.0,0
335,1.0,-1,0,0,0,4,1,1.0,0
336,0.0,-1,1,0,0,2,2,0,0
337,0.0,-1,-1,0,0,3,2,1.0,0
338,1.0,0,0,0,0,3,2,1.0,0
339,1.0,0,1,0,0,0,1,1.0,0
340,6.0,2,1,0,0,4,0,1.0,2
341,1.0,1,0,0,0,1,0,0,0
342,2.0,0,1,0,0,3,2,3.0,0
343,1.0,0,1,0,0,4,1,1.0,0
344,1.0,1,1,0,0,3,2,1.0,0
345,1.0,0,1,0,0,6,0,1.0,0
346,1.0,0,1,0,0,0,2,1.0,0
347,1.0,0,1,0,0,2,2,2.0,0
348,0.0,0,1,0,0,2,0,1.0,1
349,2.0,2,1,0,0,5,2,4.0,0
350,4.0,2,1,0,0,4,2,1.0,0
351,2.0,0,1,0,0,4,2,1.0,0
352,2.0,2,0,0,0,3,0,1.0,5
353,9.0,2,0,0,0,0,0,1.0,2
354,1.0,1,-1,0,0,0,0,1.0,0
355,0.0,-1,1,0,0,1,2,1.0,0
356,5.0,1,1,0,0,1,1,0,0
357,1.0,1,0,0,0,2,2,1.0,0
358,1.0,1,1,0,0,3,0,1.0,0
359,1.0,0,0,0,0,4,2,1.0,0
360,1.0,1,1,0,0,4,0,1.0,0
361,0.0,0,1,0,0,1,2,1.0,0
362,1.0,0,-1,0,0,0,0,1.0,0
363,1.0,0,1,0,0,1,2,1.0,0
364,1.0,2,1,0,1,4,0,1.0,1
365,32.0,2,0,1,1,1,0,1.0,6
366,4.0,0,1,0,0,3,2,2.0,0
367,0.0,0,0,0,0,4,1,1.0,0
368,0.0,0,1,0,0,4,2,1.0,1
369,1.0,0,1,0,0,2,2,1.0,0
370,0.0,0,0,0,0,0,2,1.0,1
371,0.0,-1,0,0,0,0,2,1.0,0
372,1.0,0,1,0,-1,3,2,1.0,0
373,1.0,0,0,0,0,1,1,1.0,0
374,0.0,0,0,0,0,0,2,1.0,1
375,1.0,0,0,0,0,2,1,1.0,0
376,0.0,0,1,0,0,2,2,1.0,1
377,1.0,0,1,0,0,0,2,0,0
378,1.0,0,1,0,0,1,2,1.0,0
379,1.0,0,1,1,0,1,2,1.0,1
380,1.0,0,1,0,0,1,2,1.0,0
381,2.0,2,0,0,0,1,2,1.0,0
382,0.0,0,1,0,0,1,2,1.0,1
383,1.0,0,1,0,0,1,2,1.0,0
384,1.0,0,1,0,0,1,2,0,0
385,1.0,0,1,0,0,4,2,1.0,1
386,0.0,0,1,0,0,6,2,1.0,1
387,2.0,0,0,0,0,3,0,1.0,0
388,0.0,0,-1,0,0,4,2,1.0,1
389,0.0,-1,1,0,0,0,2,1.0,0
390,0.0,0,1,0,0,0,2,1.0,1
391,3.0,0,1,0,0,1,2,1.0,0
392,1.0,1,-1,0,0,1,2,1.0,0
393,0.0,-1,0,0,0,0,2,1.0,0
394,1.0,0,1,0,0,1,2,1.0,0
395,0.0,-1,1,0,0,3,2,0,0
396,0.0,0,1,1,0,1,2,1.0,1
397,1.0,1,0,0,0,3,1,2.0,0
398,1.0,2,1,0,0,1,2,1.0,1
399,2.0,0,1,0,0,2,2,1.0,0
400,4.0,2,1,0,0,3,2,2.0,0
401,0.0,0,1,0,0,0,2,1.0,1
402,0.0,0,1,1,0,3,2,1.0,1
403,0.0,0,0,0,0,1,1,2.0,1
404,1.0,0,0,0,0,1,2,1.0,0
405,0.0,0,1,0,0,4,1,1.0,1
406,2.0,2,-1,0,0,3,1,1.0,0
407,0.0,0,1,0,0,1,1,1.0,1
408,1.0,0,1,0,0,0,2,1.0,0
409,1.0,0,1,0,0,1,1,1.0,0
410,0.0,0,0,0,0,4,2,0,1
411,1.0,0,0,0,0,1,2,1.0,0
412,0.0,0,1,0,0,2,2,1.0,1
413,1.0,0,0,0,0,2,2,1.0,0
414,2.0,0,0,0,0,4,2,0,0
415,0.0,-1,-1,0,0,4,2,0,0
416,0.0,0,1,0,0,2,2,1.0,1
417,1.0,0,1,0,0,4,2,1.0,0
418,1.0,0,0,0,0,1,0,1.0,0
419,0.0,-1,1,0,0,1,2,1.0,0
420,2.0,-1,0,0,1,1,2,1.0,0
421,0.0,0,1,0,0,2,2,1.0,1
422,1.0,0,1,0,0,2,2,1.0,1
423,1.0,0,-1,0,0,0,2,0,1
424,1.0,0,-1,0,0,3,2,1.0,0
425,1.0,0,1,0,0,0,2,1.0,1
426,2.0,0,1,0,0,3,2,1.0,0
427,1.0,0,1,0,0,1,1,1.0,0
428,1.0,0,1,0,0,4,1,1.0,0
429,0.0,0,1,0,0,3,2,1.0,1
430,1.0,0,1,0,0,4,2,1.0,1
431,0.0,0,1,0,0,2,2,1.0,2
432,1.0,0,1,0,0,3,1,1.0,0
433,0.0,0,1,0,0,1,2,1.0,1
434,1.0,0,1,0,0,3,2,1.0,0
435,0.0,0,0,0,0,4,2,0,1
436,10.0,2,1,0,1,4,2,1.0,4
437,1.0,0,1,0,0,3,1,1.0,0
438,2.0,0,-1,0,1,3,1,1.0,0
439,3.0,0,1,0,0,4,2,0,0
440,1.0,0,1,0,0,5,2,1.0,0
441,7.0,0,1,0,0,4,2,1.0,0
442,2.0,0,1,0,0,0,2,1.0,0
443,1.0,0,1,0,0,2,0,1.0,1
444,0.0,0,1,0,0,1,2,1.0,1
445,3.0,2,1,0,0,0,2,1.0,0
446,7.0,2,1,0,0,2,2,3.0,0
447,1.0,0,1,0,0,2,1,1.0,0
448,3.0,0,-1,0,0,2,2,3.0,0
449,0.0,0,1,1,0,1,0,1.0,1
450,0.0,2,1,1,0,4,2,1.0,2
451,0.0,0,1,0,0,0,2,1.0,1
452,2.0,0,0,0,0,4,2,1.0,1
453,1.0,1,1,0,0,1,2,1.0,0
454,1.0,0,1,0,0,0,2,1.0,0
455,1.0,0,1,0,0,3,2,2.0,1
456,1.0,1,1,0,0,0,2,1.0,0
457,1.0,0,1,0,0,1,2,2.0,0
458,0.0,0,1,0,0,1,2,0,1
459,0.0,2,1,0,0,0,2,1.0,2
460,1.0,0,0,0,0,3,2,1.0,1
461,0.0,0,1,1,0,0,2,1.0,1
462,1.0,0,1,0,0,0,2,1.0,1
463,0.0,0,1,0,0,3,2,1.0,1
464,0.0,0,1,0,0,0,2,0,1
465,0.0,0,1,1,0,0,1,1.0,1
466,0.0,0,1,0,0,0,2,1.0,1
467,0.0,0,1,1,0,4,2,1.0,1
468,1.0,0,1,0,0,3,2,1.0,1
469,0.0,0,1,0,0,3,2,1.0,1
470,1.0,0,-1,0,0,5,2,1.0,1
471,0.0,1,0,0,0,3,1,1.0,1
472,0.0,0,-1,0,0,4,2,0,1
473,0.0,1,1,1,0,4,2,1.0,1
474,0.0,0,1,0,0,4,2,1.0,1
475,0.0,0,1,0,0,0,2,1.0,1
476,0.0,0,1,0,0,3,2,1.0,1
477,0.0,0,1,0,0,2,2,0,1
478,1.0,0,1,0,0,1,2,1.0,0
479,0.0,0,1,0,0,1,2,1.0,1
480,1.0,1,1,0,0,2,2,1.0,0
481,0.0,0,1,0,0,3,2,1.0,1
482,0.0,-1,-1,0,0,3,2,0,1
483,4.0,2,0,1,0,4,1,1.0,1
484,0.0,0,1,0,0,4,2,1.0,1
485,0.0,2,1,0,0,5,0,2.0,2
486,0.0,1,1,1,0,1,2,1.0,1
487,1.0,0,1,0,0,0,1,1.0,0
488,0.0,0,1,0,0,0,2,1.0,1
489,0.0,0,1,0,0,3,2,1.0,1
490,0.0,0,1,0,0,3,2,1.0,1
491,0.0,0,1,0,0,3,2,0,1
492,0.0,0,1,0,0,3,2,0,1
493,0.0,0,1,0,0,2,2,1.0,1
494,0.0,0,1,0,0,3,2,1.0,1
495,0.0,0,1,0,0,2,2,1.0,1
496,0.0,0,1,0,0,2,2,1.0,1
497,2.0,0,1,0,0,4,2,1.0,1
498,0.0,0,1,0,0,3,2,1.0,1
499,0.0,0,1,1,0,4,2,1.0,1
500,0.0,0,1,0,0,0,2,1.0,1
501,0.0,-1,-1,0,0,2,2,1.0,0
502,0.0,-1,-1,0,0,2,1,1.0,0
503,0.0,0,1,0,0,3,0,1.0,1
504,0.0,0,1,0,0,0,1,1.0,1
505,0.0,0,-1,0,0,1,2,0,1
506,1.0,0,1,0,0,4,2,1.0,0
507,0.0,0,1,0,0,1,3,1.0,2
508,1.0,0,1,0,0,3,2,1.0,0
509,0.0,0,1,0,0,2,2,1.0,1
510,0.0,0,0,0,0,1,2,0,1
511,1.0,2,0,0,0,2,2,1.0,1
512,0.0,0,1,1,0,4,2,1.0,1
513,2.0,1,0,0,0,1,2,1.0,0
514,1.0,0,0,0,0,4,2,1.0,0
515,0.0,0,0,0,0,1,0,1.0,1
516,0.0,0,1,1,0,2,0,1.0,1
517,0.0,0,-1,0,0,1,2,0,1
518,0.0,0,0,0,0,3,1,1.0,1
519,0.0,1,0,0,0,0,2,1.0,1
520,0.0,1,1,1,0,2,2,1.0,1
521,0.0,-1,0,0,0,3,2,1.0,0
522,0.0,0,1,0,0,6,0,1.0,1
523,0.0,0,1,0,0,0,2,1.0,1
524,0.0,0,1,0,0,2,2,0,1
525,1.0,0,1,0,0,3,2,1.0,0
526,3.0,2,1,0,0,4,2,0,0
527,1.0,0,0,0,0,5,2,1.0,0
528,1.0,0,1,1,0,2,2,1.0,1
529,1.0,1,1,0,0,0,2,1.0,0
530,1.0,0,1,1,0,0,2,1.0,0
531,0.0,1,1,0,0,5,0,1.0,1
532,4.0,0,0,0,0,0,1,1.0,1
533,1.0,1,0,0,0,1,2,0,0
534,1.0,0,1,0,0,4,2,1.0,0
535,0.0,0,1,1,0,1,2,1.0,1
536,2.0,0,1,0,0,4,2,1.0,1
537,0.0,0,1,1,0,1,2,1.0,1
538,2.0,2,1,0,0,3,2,1.0,0
539,0.0,0,1,1,0,0,1,1.0,2
540,1.0,0,1,0,0,3,2,1.0,1
541,1.0,0,1,0,0,2,1,1.0,0
542,1.0,1,1,0,0,0,2,1.0,0
543,2.0,1,1,0,0,2,2,1.0,0
544,0.0,1,1,0,0,1,1,1.0,1
545,0.0,0,1,0,0,1,1,1.0,1
546,0.0,0,1,0,0,3,2,1.0,2
547,1.0,0,1,0,0,2,2,1.0,0
548,0.0,0,1,0,0,4,1,1.0,1
549,1.0,1,1,1,0,3,2,1.0,3
550,1.0,1,1,0,0,0,2,1.0,0
551,4.0,2,1,0,0,0,2,1.0,0
552,0.0,0,0,0,0,3,0,1.0,1
553,1.0,2,1,0,1,2,2,1.0,2
554,0.0,0,1,0,0,1,2,1.0,1
555,0.0,0,1,1,0,1,2,0,1
556,0.0,0,1,0,0,4,1,1.0,1
557,0.0,0,0,0,0,4,2,0,1
558,1.0,2,0,0,1,4,1,1.0,3
559,1.0,0,0,1,0,3,2,1.0,1
560,0.0,0,1,0,0,3,2,1.0,1
561,1.0,1,1,0,0,3,2,1.0,1
562,0.0,0,1,1,0,0,2,1.0,1
563,2.0,0,-1,0,0,1,1,0,0
564,0.0,0,1,0,0,3,2,1.0,1
565,0.0,0,-1,0,0,0,2,0,1
566,1.0,0,1,1,0,1,2,1.0,1
567,0,0,1,0,0,2,2,1.0,1
568,0.0,0,1,1,0,1,2,1.0,1
569,2.0,2,1,0,0,4,2,1.0,0
570,0.0,0,1,0,0,2,-1,1.0,1
571,0,1,1,0,0,2,0,1.0,2
572,1.0,0,1,0,0,4,2,1.0,1
573,0.0,0,1,0,0,2,2,1.0,1
574,0.0,0,1,0,0,0,2,1.0,1
575,0.0,0,1,-1,-1,2,2,0,1
576,3.0,0,1,0,0,2,2,1.0,1
577,0.0,0,1,0,0,0,1,1.0,1
578,2.0,0,0,0,1,2,2,1.0,2
579,0.0,1,1,1,0,3,2,1.0,1
580,0.0,0,1,0,0,0,2,1.0,1
581,0.0,0,-1,0,0,3,2,0,1
582,0.0,0,1,0,0,0,2,1.0,1
583,0.0,0,-1,0,0,2,2,0,1
584,1.0,0,1,0,0,1,2,1.0,0
585,1.0,0,0,0,0,0,2,1.0,0
586,7.0,2,1,0,1,2,2,1.0,3
587,2.0,2,1,0,0,4,2,1.0,1
588,0.0,0,1,1,0,1,2,1.0,1
589,1.0,0,1,0,0,2,1,1.0,0
590,1.0,1,1,0,0,0,2,0,1
591,0.0,2,1,1,0,2,2,1.0,2
592,1.0,0,1,0,0,4,2,1.0,1
593,0.0,0,1,0,0,3,0,1.0,1
594,5.0,2,0,0,1,0,2,1.0,3
595,2.0,2,0,0,0,0,2,1.0,0
596,0.0,0,1,1,0,3,2,1.0,2
597,0.0,0,1,1,0,2,2,1.0,1
598,0.0,0,1,0,0,4,2,1.0,1
599,10.0,2,0,0,1,1,1,2.0,5
600,0.0,0,1,1,0,2,2,1.0,1
601,0.0,0,1,0,0,2,1,1.0,0
602,0.0,1,1,1,0,0,1,1.0,1
603,0.0,-1,0,0,0,1,1,1.0,0
604,2.0,0,-1,0,0,3,2,0,0
605,3.0,0,0,0,0,4,1,1.0,1
606,1.0,0,1,0,0,1,0,1.0,0
607,1.0,0,1,0,0,1,0,1.0,2
608,1.0,0,1,0,0,4,2,1.0,0
609,1.0,1,1,0,0,4,0,1.0,1
610,0.0,0,1,0,0,1,2,1.0,1
611,23.0,2,0,0,1,3,2,1.0,4
612,0.0,0,1,1,0,3,2,1.0,1
613,0.0,0,1,1,0,3,2,1.0,1
614,1.0,0,1,0,0,2,1,0,1
615,0.0,2,1,1,0,4,2,1.0,2
616,2.0,2,1,0,0,0,2,1.0,0
617,1.0,0,1,0,0,4,2,1.0,0
618,3.0,0,1,0,0,2,2,2.0,0
619,1.0,0,1,0,0,2,2,1.0,0
620,0.0,0,1,0,0,1,2,2.0,1
621,1.0,1,1,1,0,0,0,1.0,0
622,1.0,1,1,0,0,3,0,1.0,0
623,1.0,0,0,0,0,4,1,1.0,0
624,0.0,2,1,1,0,4,2,2.0,2
625,2.0,0,1,0,0,3,2,1.0,0
626,0.0,0,1,1,0,3,2,1.0,1
627,1.0,0,1,0,0,3,2,1.0,1
628,0.0,1,0,0,0,3,3,1.0,0
629,1.0,0,1,1,0,3,2,1.0,1
630,0.0,-1,0,0,0,4,-1,1.0,0
631,21.0,2,1,1,1,1,2,2.0,15
632,1.0,1,1,0,0,3,1,1.0,0
633,0.0,0,1,0,0,3,1,1.0,1
634,6.0,2,0,0,1,3,2,1.0,0
635,0.0,1,1,1,0,2,2,1.0,1
636,0.0,0,1,1,0,3,2,1.0,1
637,1.0,1,0,0,0,0,0,1.0,0
638,1.0,0,0,0,0,0,2,1.0,0
639,2.0,0,1,0,0,0,2,1.0,0
640,1.0,0,1,0,0,3,2,1.0,0
641,0.0,0,1,1,0,1,2,1.0,2
642,0.0,0,1,0,0,1,2,1.0,1
643,1.0,0,0,0,0,2,2,1.0,0
644,0.0,0,1,0,0,4,1,1.0,1
645,6.0,2,0,0,0,0,1,1.0,0
646,0.0,0,1,0,0,0,2,1.0,0
647,0.0,-1,1,0,0,3,2,1.0,0
648,0.0,0,0,0,0,2,2,1.0,1
649,0.0,-1,0,0,1,3,2,1.0,0
650,0.0,0,1,0,0,2,0,1.0,0
651,1.0,1,1,0,0,2,2,1.0,0
652,0.0,0,1,0,0,3,1,1.0,0
653,1.0,0,0,0,0,0,0,1.0,0
654,0.0,0,1,0,0,1,0,1.0,1
655,1.0,0,-1,0,0,4,2,1.0,2
656,0.0,-1,-1,0,0,3,0,1.0,0
657,1.0,1,1,0,0,3,2,1.0,0
658,1.0,1,1,0,0,0,1,1.0,0
659,1.0,0,1,1,0,1,2,0,0
660,0.0,1,1,1,0,2,0,1.0,2
661,0.0,0,1,0,0,4,1,1.0,1
662,0.0,-1,0,0,1,0,1,1.0,0
663,0.0,0,1,0,0,2,2,1.0,1
664,0.0,1,1,0,0,1,0,1.0,1
665,0.0,-1,0,0,0,0,1,1.0,0
666,2.0,0,1,0,0,1,1,2.0,0
667,2.0,0,-1,0,0,3,2,0,0
668,0.0,-1,0,0,0,1,0,1.0,0
669,0.0,-1,-1,0,0,2,2,1.0,0
670,0.0,0,1,1,0,4,2,1.0,1
671,1.0,0,1,0,0,4,2,1.0,0
672,0.0,0,-1,0,0,3,2,0,1
673,0.0,0,1,0,0,3,0,0,1
674,1.0,0,0,0,0,2,2,1.0,0
675,0.0,0,0,0,0,2,2,1.0,1
676,0.0,0,1,0,0,2,2,1.0,1
677,3.0,-1,-1,0,0,4,2,1.0,0
678,0.0,0,1,1,0,4,2,1.0,1
679,13.0,2,0,0,1,0,2,1.0,2
680,1.0,0,1,0,0,1,2,1.0,0
681,1.0,1,1,0,0,2,2,1.0,0
682,0.0,-1,0,0,0,2,2,1.0,0
683,6.0,2,0,0,0,3,2,1.0,0
684,0.0,0,1,0,0,4,2,1.0,1
685,0.0,1,1,1,0,0,2,1.0,1
686,0.0,-1,0,0,0,1,2,1.0,0
687,0.0,-1,-1,0,-1,4,2,1.0,0
688,0.0,0,-1,0,0,2,2,0,1
689,0.0,0,0,1,0,1,2,1.0,1
690,0.0,0,0,-1,-1,3,2,0,1
691,1.0,0,-1,0,0,0,2,1.0,0
692,0.0,1,1,0,0,2,0,1.0,1
693,1.0,0,1,0,0,4,2,1.0,0
694,0.0,0,1,1,0,4,2,1.0,1
695,1.0,0,0,0,0,4,2,1.0,0
696,1.0,0,0,0,0,4,2,0.0,0
697,0.0,0,1,1,0,0,2,1.0,1
698,0.0,-1,-1,0,0,4,2,1.0,0
699,0.0,-1,1,0,1,4,2,1.0,0
700,2.0,0,1,0,0,1,2,1.0,0
701,0.0,-1,0,0,0,3,2,1.0,0
702,2.0,2,1,0,0,4,2,1.0,0
703,2.0,2,1,0,0,2,2,1.0,0
704,3.0,2,1,0,0,3,2,1.0,0
705,0.0,-1,1,0,1,4,1,1.0,0
706,0.0,0,0,-1,-1,5,0,1.0,1
707,0.0,0,0,0,0,4,2,1.0,1
708,0.0,1,1,1,0,4,2,1.0,1
709,0.0,0,1,0,0,4,2,1.0,0
710,1.0,0,0,0,0,0,1,1.0,0
711,1.0,0,1,0,0,1,2,1.0,0
712,1.0,2,1,0,0,3,1,1.0,1
713,2.0,0,-1,0,0,4,0,0,0
714,0.0,-1,1,0,-1,4,2,1.0,0
715,1.0,0,0,0,0,0,2,1.0,0
716,2.0,2,-1,1,-1,1,1,1.0,1
717,1.0,2,1,0,0,2,2,1.0,1
718,0.0,-1,1,0,0,3,1,1.0,0
719,0.0,-1,1,0,0,3,2,1.0,0
720,0.0,-1,1,0,0,2,2,1.0,0
721,1.0,0,1,1,0,1,2,1.0,0
722,0.0,0,1,1,0,4,2,1.0,1
723,0.0,0,1,0,0,6,2,1.0,1
724,1.0,0,1,0,0,1,2,1.0,0
725,4.0,2,1,0,0,0,2,3.0,1
726,1.0,0,0,0,0,0,2,1.0,0
727,0.0,1,1,1,0,2,1,1.0,1
728,0.0,0,1,1,0,3,1,1.0,2
729,0.0,0,1,1,0,1,2,1.0,1
730,0.0,0,-1,1,1,2,1,1.0,1
731,0.0,0,1,0,0,2,2,1.0,1
732,0.0,-1,-1,0,0,2,1,1.0,0
733,2.0,0,1,0,0,2,2,1.0,0
734,1.0,0,-1,0,0,0,2,1.0,0
735,0.0,0,1,0,0,2,2,1.0,2
736,0.0,-1,1,0,-1,3,1,1.0,0
737,2.0,0,1,1,0,2,2,1.0,0
738,1.0,0,1,0,0,1,2,1.0,0
739,0.0,-1,-1,0,0,2,2,1.0,0
740,1.0,2,1,0,0,3,2,1.0,1
741,0.0,1,0,0,0,5,2,1.0,1
742,2.0,0,0,0,0,3,2,1.0,0
743,0.0,0,1,0,0,1,0,1.0,1
744,1.0,1,0,0,0,3,2,1.0,0
745,1.0,0,1,0,0,4,2,1.0,0
746,0.0,-1,-1,0,-1,2,2,0,0
747,1.0,0,1,0,0,0,2,1.0,0
748,2.0,0,1,0,0,0,0,1.0,1
749,1.0,1,0,0,0,3,2,1.0,0
750,0.0,0,1,0,0,2,0,1.0,2
751,1.0,0,1,0,0,0,2,1.0,1
752,1.0,0,0,0,0,1,0,1.0,0
753,0.0,-1,1,-1,-1,4,2,0,0
754,1.0,0,-1,0,1,0,2,1.0,0
755,1.0,2,1,0,0,2,0,2.0,1
756,1.0,0,1,0,0,4,2,1.0,0
757,0.0,1,1,1,0,4,2,1.0,1
758,2.0,2,1,0,0,4,2,1.0,0
759,0.0,0,1,1,0,2,1,1.0,1
760,0.0,-1,-1,0,0,1,2,1.0,0
761,4.0,0,1,0,0,4,2,2.0,0
762,2.0,2,1,0,0,2,2,1.0,0
763,0.0,2,1,1,0,0,2,1.0,2
764,2.0,0,1,0,0,2,2,1.0,0
765,1.0,0,1,0,0,1,2,1.0,0
766,0.0,-1,1,0,0,1,2,1.0,0
767,0.0,0,1,0,0,0,2,1.0,1
768,1.0,0,1,0,0,6,2,1.0,0
769,0.0,-1,1,0,0,2,2,1.0,0
770,1.0,1,1,0,0,5,0,1.0,0
771,0.0,0,1,1,0,3,2,1.0,1
772,0.0,0,1,0,0,1,0,2.0,2
773,1.0,0,1,0,0,4,2,1.0,0
774,2.0,0,1,0,0,3,2,1.0,0
775,0.0,0,1,0,0,4,0,0,1
776,1.0,0,1,0,0,0,0,2.0,0
777,1.0,0,1,0,0,0,2,1.0,0
778,1.0,0,1,0,0,1,2,1.0,0
779,0.0,-1,0,0,0,2,1,1.0,0
780,1.0,0,0,0,0,4,2,1.0,0
781,0.0,0,1,1,-1,3,2,1.0,1
782,1.0,0,1,0,0,0,2,1.0,0
783,1.0,2,1,1,0,4,3,1.0,1
784,0.0,0,1,0,0,2,2,1.0,1
785,1.0,0,1,0,0,1,2,1.0,0
786,0.0,-1,1,0,0,2,2,1.0,0
787,1.0,1,0,0,0,4,2,1.0,0
788,1.0,1,-1,0,0,1,2,1.0,0
789,0.0,1,1,0,0,2,2,1.0,1
790,1.0,0,1,0,0,2,2,1.0,0
791,1.0,0,-1,0,0,3,0,1.0,0
792,1.0,0,0,0,0,0,0,1.0,0
793,2.0,0,1,0,0,2,2,1.0,1
794,0.0,1,0,0,0,3,2,1.0,1
795,1.0,0,0,0,0,3,2,1.0,0
796,7.0,2,0,1,1,0,2,1.0,10
797,1.0,0,0,0,0,0,2,1.0,0
798,1.0,1,0,0,0,3,2,1.0,0
799,1.0,0,0,0,0,2,2,1.0,0
800,1.0,0,1,0,0,3,2,1.0,0
801,0.0,-1,0,0,0,2,2,1.0,0
802,1.0,1,-1,0,0,4,2,1.0,0
803,1.0,0,1,0,0,5,2,1.0,0
804,0.0,2,1,1,0,1,0,1.0,2
805,2.0,0,0,0,0,4,0,1.0,0
806,1.0,0,0,0,0,1,2,1.0,0
807,2.0,1,0,0,0,1,3,1.0,0
808,2.0,-1,-1,0,0,2,2,1.0,0
809,3.0,0,1,0,0,6,0,0,0
810,2.0,0,0,0,0,0,2,1.0,1
811,1.0,0,1,0,0,1,2,2.0,0
812,0.0,0,1,0,0,2,0,1.0,1
813,2.0,0,1,0,0,4,2,1.0,0
814,1.0,0,0,0,1,3,1,0,0
815,0.0,-1,1,0,0,3,2,1.0,0
816,1.0,0,1,0,0,4,2,1.0,0
817,1.0,0,1,0,0,1,2,1.0,0
818,2.0,2,-1,0,0,5,2,0,0
819,0.0,-1,0,0,0,1,2,1.0,0
820,1.0,0,1,0,0,4,2,1.0,0
821,1.0,0,1,0,0,2,2,1.0,0
822,1.0,0,1,0,0,3,2,1.0,0
823,0.0,0,1,0,0,3,0,0,1
824,1.0,1,0,0,0,4,2,1.0,0
825,0.0,-1,1,0,0,4,2,1.0,0
826,2.0,0,0,0,0,1,2,1.0,1
827,1.0,1,1,0,0,1,2,1.0,0
828,0.0,0,1,-1,-1,2,1,1.0,1
829,0.0,-1,0,0,0,0,2,1.0,0
830,0.0,0,1,0,0,1,2,1.0,1
831,2.0,2,-1,0,0,1,2,0,0
832,1.0,0,1,0,0,1,2,0,0
833,1.0,1,0,0,0,2,1,1.0,0
834,0.0,0,1,0,0,4,1,1.0,1
835,0.0,-1,0,0,0,4,2,1.0,0
836,1.0,0,1,0,0,4,2,1.0,0
837,1.0,0,0,0,0,2,0,1.0,0
838,0.0,-1,1,0,0,2,2,1.0,0
839,1.0,0,1,0,0,2,1,1.0,0
840,2.0,0,1,0,0,3,2,2.0,0
841,1.0,1,0,0,0,0,2,1.0,0
842,2.0,1,0,0,0,4,2,1.0,0
843,0.0,0,1,1,0,0,2,1.0,1
844,1.0,0,0,0,0,4,0,1.0,0
845,1.0,0,1,0,0,3,2,1.0,0
846,0.0,0,1,1,0,2,2,1.0,1
847,1.0,0,1,0,0,1,2,1.0,0
848,1.0,0,1,0,0,3,2,1.0,0
849,2.0,0,1,0,0,4,1,2.0,0
850,2.0,0,1,0,1,1,1,1.0,0
851,2.0,2,1,0,0,2,2,1.0,0
852,2.0,-1,0,0,0,1,-1,1.0,0
853,0.0,-1,0,0,0,0,2,1.0,0
854,0.0,0,1,0,0,4,2,1.0,1
855,0.0,-1,1,0,0,0,2,1.0,0
856,0.0,-1,-1,0,-1,3,2,1.0,0
857,0.0,0,1,0,0,0,2,1.0,1
858,0.0,0,1,0,0,1,2,1.0,1
859,1.0,0,1,0,0,3,2,1.0,0
860,0.0,2,1,1,0,0,1,1.0,2
861,0.0,-1,0,0,0,1,1,1.0,0
862,0.0,0,1,0,0,3,1,2.0,1
863,0.0,0,1,0,0,5,2,1.0,1
864,2.0,0,1,0,0,6,2,1.0,0
865,0.0,0,1,1,0,0,2,1.0,1
866,1.0,1,1,0,0,3,0,1.0,1
867,0.0,-1,0,0,0,1,2,1.0,0
868,2.0,2,0,0,1,2,2,1.0,0
869,1.0,0,1,0,0,3,2,1.0,0
870,1.0,0,0,0,0,1,1,1.0,0
871,1.0,0,1,-1,-1,4,2,0,0
872,1.0,0,1,-1,-1,2,2,0,0
873,1.0,0,1,0,0,3,2,1.0,0
874,0.0,1,1,1,0,2,2,1.0,2
875,0.0,0,0,0,0,4,2,1.0,1
876,5.0,1,0,1,1,0,2,1.0,6
877,0.0,-1,0,0,1,0,1,1.0,0
878,2.0,0,-1,0,0,1,1,1.0,0
879,0.0,-1,0,0,0,3,0,1.0,0
880,0.0,0,0,1,0,1,2,1.0,1
881,0.0,0,1,0,0,1,2,1.0,1
882,1.0,0,1,0,0,5,2,1.0,1
883,0.0,0,1,0,0,2,1,1.0,1
884,0.0,0,1,0,0,4,2,1.0,1
885,1.0,0,0,0,0,3,2,1.0,0
886,1.0,0,0,0,0,0,2,1.0,0
887,0.0,0,1,1,0,1,2,1.0,1
888,1.0,1,-1,0,0,2,2,1.0,0
889,0.0,0,1,1,0,3,2,1.0,1
890,0.0,-1,1,0,0,1,2,1.0,0
891,0.0,0,1,0,0,2,2,1.0,1
892,1.0,1,-1,0,0,3,2,1.0,0
893,0.0,-1,-1,0,0,0,2,1.0,0
894,2.0,2,1,0,0,1,2,1.0,0
895,2.0,0,1,0,0,1,2,0,0
896,1.0,0,1,0,0,3,2,0,0
897,1.0,0,1,1,0,2,2,1.0,0
898,1.0,0,-1,0,0,2,2,1.0,0
899,0.0,-1,1,0,0,2,1,1.0,0
900,0.0,0,1,1,0,3,2,1.0,1
901,0.0,0,0,0,0,3,1,1.0,0
902,2.0,0,-1,0,0,0,1,1.0,0
903,1.0,0,-1,0,0,1,0,1.0,0
904,0.0,0,1,1,0,2,2,1.0,1
905,1.0,2,1,1,0,2,2,1.0,1
906,1.0,0,1,0,0,2,2,1.0,0
907,1.0,0,1,1,0,3,2,1.0,0
908,1.0,0,0,0,0,4,0,1.0,0
909,1.0,0,1,0,0,1,0,1.0,0
910,1.0,0,0,0,0,3,2,1.0,0
911,1.0,0,0,0,0,1,3,1.0,0
912,10.0,2,0,0,1,1,2,1.0,0
913,0.0,-1,0,1,1,2,2,1.0,1
914,1.0,1,-1,0,0,3,0,1.0,0
915,0.0,1,1,1,0,4,2,1.0,1
916,2.0,-1,-1,0,0,3,2,1.0,0
917,1.0,0,1,0,0,5,2,1.0,0
918,0.0,-1,-1,0,0,1,1,1.0,0
919,1.0,0,1,0,0,2,0,1.0,0
920,1.0,-1,-1,0,0,2,0,1.0,0
921,3.0,-1,-1,0,0,3,1,1.0,0
922,1.0,0,1,0,0,6,0,1.0,0
923,2.0,-1,1,0,0,3,2,1.0,0
924,2.0,0,-1,0,0,0,0,1.0,0
925,1.0,0,1,0,0,5,2,1.0,3
926,0.0,-1,0,0,-1,4,2,1.0,0
927,1.0,0,1,0,-1,0,2,1.0,0
928,4.0,2,1,1,1,2,3,1.0,1
929,1.0,0,0,0,0,2,2,1.0,0
930,0.0,0,1,1,0,0,2,1.0,1
931,0.0,-1,-1,0,0,0,2,1.0,0
932,0.0,0,0,0,0,4,1,1.0,1
933,1.0,0,1,0,0,0,2,1.0,0
934,1.0,0,1,0,0,0,2,1.0,0
935,0.0,0,1,0,0,1,1,1.0,1
936,0.0,0,1,1,0,3,2,1.0,1
937,0.0,0,1,-1,-1,2,2,0,1
938,0.0,0,1,1,0,4,2,1.0,1
939,0.0,-1,1,0,0,0,0,1.0,0
940,0.0,0,1,0,0,3,1,1.0,1
941,0.0,0,1,0,0,3,2,1.0,1
942,0.0,-1,0,0,0,1,2,1.0,0
943,0.0,0,1,1,0,0,2,1.0,1
944,2.0,2,1,0,0,4,2,0,0
945,3.0,2,1,0,0,3,2,1.0,1
946,0.0,0,1,1,0,0,2,1.0,1
947,1.0,1,1,0,0,3,3,1.0,0
948,1.0,1,1,0,0,2,0,1.0,0
949,0.0,-1,0,0,0,4,0,1.0,0
950,0.0,-1,-1,0,0,0,0,0,0
951,0.0,0,1,0,0,0,2,1.0,1
952,0.0,1,1,0,0,2,2,1.0,1
953,0.0,0,1,0,0,5,2,1.0,1
954,0.0,0,0,1,0,5,2,1.0,1
955,0.0,-1,-1,0,0,1,1,1.0,0
956,1.0,0,1,0,0,1,2,1.0,0
957,1.0,0,-1,0,0,1,2,1.0,0
958,1.0,0,1,0,0,6,0,1.0,0
959,1.0,2,1,0,0,1,2,1.0,1
960,0.0,0,1,1,0,4,3,1.0,1
961,1.0,0,1,0,0,4,2,1.0,0
962,0.0,0,0,0,0,4,0,1.0,1
963,1.0,0,1,0,0,6,2,1.0,0
964,0.0,1,1,1,0,0,1,1.0,1
965,2.0,2,-1,0,0,5,0,1.0,0
966,1.0,-1,0,0,0,2,1,1.0,0
967,0.0,0,1,1,0,2,0,1.0,1
968,2.0,2,0,0,0,3,2,1.0,0
969,6.0,2,1,0,0,4,2,1.0,0
970,3.0,0,0,0,0,2,1,1.0,0
971,4.0,0,-1,0,0,1,2,1.0,0
972,1.0,0,-1,0,0,1,2,2.0,0
973,1.0,1,1,0,0,1,2,1.0,0
974,0.0,0,1,0,0,4,2,1.0,1
975,0.0,-1,0,0,0,1,2,1.0,0
976,0.0,-1,0,0,0,1,0,1.0,0
977,1.0,0,0,0,0,2,3,1.0,0
978,2.0,0,1,0,0,1,2,2.0,0
979,0.0,-1,1,0,0,4,0,1.0,0
980,1.0,0,-1,0,0,0,2,1.0,0
981,0.0,0,1,0,0,0,0,1.0,0
982,1.0,0,0,0,0,4,2,1.0,0
983,0.0,-1,-1,0,0,1,2,2.0,0
984,0.0,-1,0,0,0,2,2,1.0,0
985,1.0,0,1,0,0,0,2,1.0,0
986,0.0,0,1,1,0,4,2,1.0,1
987,0.0,0,1,1,0,1,2,1.0,1
988,0.0,0,-1,1,0,0,1,1.0,1
989,3.0,2,-1,0,0,0,3,1.0,0
990,0.0,0,1,0,0,2,2,1.0,1
991,0.0,-1,1,0,0,3,2,1.0,0
992,0.0,-1,1,0,0,1,2,1.0,0
993,0.0,-1,1,0,0,2,2,1.0,0
994,1.0,1,0,0,0,3,-1,1.0,0
995,0.0,0,1,-1,-1,4,2,0,1
996,2.0,2,1,0,0,4,2,1.0,1
997,1.0,0,1,0,0,4,2,1.0,0
998,1.0,1,1,0,0,4,2,1.0,0
999,1.0,1,1,0,0,2,2,1.0,0
1000,0.0,0,1,0,0,4,1,1.0,1
1001,2.0,2,1,0,0,2,2,1.0,0
1002,2.0,2,0,0,0,1,1,1.0,0
1003,0.0,1,1,0,0,4,0,1.0,1
1004,0.0,-1,0,0,0,2,2,1.0,0
1005,1.0,0,1,0,0,1,2,1.0,0
1006,0.0,0,1,0,-1,0,2,1.0,1
1007,2.0,2,0,0,0,2,2,1.0,0
1008,1.0,0,1,0,0,1,2,0,0
1009,0.0,0,1,0,0,4,2,1.0,1
1010,2.0,1,0,0,0,4,0,1.0,0
1011,1.0,0,1,0,0,5,2,2.0,1
1012,0.0,0,1,1,0,0,2,1.0,1
1013,1.0,1,1,0,0,0,2,1.0,0
1014,0.0,-1,0,0,0,1,-1,0,0
1015,1.0,2,1,1,0,2,2,1.0,2
1016,2.0,2,0,0,0,1,2,1.0,0
1017,0.0,0,1,0,0,2,0,1.0,1
1018,1.0,0,1,0,0,4,1,1.0,0
1019,5.0,0,1,0,0,2,2,3.0,1
1020,1.0,0,1,0,0,2,2,1.0,0
1021,3.0,2,0,0,0,1,0,1.0,0
1022,1.0,0,1,0,0,1,0,1.0,0
1023,1.0,0,0,0,0,0,-1,1.0,0
1024,1.0,1,0,0,0,0,2,1.0,0
1025,2.0,0,-1,0,0,0,1,1.0,0
1026,1.0,0,1,0,0,2,2,2.0,0
1027,0.0,0,1,-1,-1,2,1,1.0,1
1028,1.0,0,1,0,0,1,2,1.0,0
1029,1.0,0,1,1,0,4,0,1.0,0
1030,1.0,1,0,0,0,2,0,1.0,0
1031,3.0,0,0,0,1,0,2,1.0,3
1032,0.0,2,1,1,0,1,-1,1.0,2
1033,0.0,-1,1,0,0,3,2,1.0,0
1034,1.0,0,1,0,0,6,1,1.0,0
1035,0.0,1,1,0,0,4,0,1.0,1
1036,0.0,-1,1,0,0,3,2,0,0
1037,0.0,0,1,1,0,4,2,1.0,1
1038,1.0,0,0,0,1,0,2,1.0,0
1039,0.0,-1,0,0,1,4,2,1.0,0
1040,0.0,0,1,1,0,2,1,1.0,1
1041,1.0,0,1,1,0,4,2,1.0,0
1042,0.0,0,1,0,0,4,3,2.0,1
1043,0.0,-1,0,0,0,0,2,1.0,0
1044,2.0,2,0,1,1,4,0,1.0,28
1045,0.0,0,1,0,0,0,1,1.0,1
1046,2.0,0,1,0,1,3,2,1.0,0
1047,1.0,0,1,0,0,4,2,1.0,0
1048,1.0,0,1,0,0,3,1,1.0,0
1049,1.0,0,0,0,0,4,2,1.0,1
1050,0.0,0,1,0,0,2,0,1.0,1
1051,1.0,1,0,0,0,2,2,1.0,0
1052,0.0,0,1,1,0,3,1,1.0,1
1053,0.0,0,1,1,0,1,2,1.0,1
1054,1.0,0,1,1,0,0,2,1.0,0
1055,0.0,0,1,0,0,1,0,1.0,1
1056,0.0,-1,0,0,0,0,1,1.0,0
1057,1.0,0,0,0,0,3,1,1.0,0
1058,1.0,0,1,0,0,1,0,2.0,1
1059,0.0,0,1,0,0,2,2,1.0,2
1060,0.0,0,1,0,0,3,1,1.0,1
1061,0.0,-1,1,0,1,1,3,1.0,0
1062,0.0,-1,0,0,0,3,0,1.0,0
1063,2.0,0,1,0,0,4,2,3.0,1
1064,1.0,0,1,0,0,4,2,1.0,0
1065,1.0,0,1,0,0,4,2,1.0,0
1066,0.0,0,1,1,0,5,2,1.0,1
1067,0.0,-1,0,0,0,2,-1,1.0,0
1068,2.0,0,1,0,0,4,2,1.0,0
1069,0.0,0,1,1,0,1,2,1.0,1
1070,2.0,0,1,1,-1,0,1,1.0,2
1071,3.0,-1,0,0,0,2,0,1.0,0
1072,0.0,0,1,1,0,4,-1,1.0,1
1073,1.0,0,0,0,0,6,2,1.0,0
1074,3.0,0,1,0,0,2,2,1.0,0
1075,1.0,0,1,0,0,2,2,1.0,0
1076,0.0,2,0,1,1,4,2,1.0,2
1077,1.0,0,0,0,0,3,2,1.0,0
1078,1.0,0,1,0,0,3,2,1.0,0
1079,1.0,0,1,0,0,0,2,1.0,0
1080,2.0,2,0,0,1,1,1,1.0,0
1081,0.0,-1,-1,0,0,1,0,1.0,0
1082,2.0,2,1,0,0,4,2,1.0,0
1083,1.0,0,1,0,0,0,2,1.0,0
1084,2.0,0,1,-1,-1,1,2,1.0,0
1085,0.0,-1,0,0,0,4,2,4.0,0
1086,1.0,1,0,0,0,4,2,6.0,0
1087,0.0,0,0,1,0,4,2,1.0,1
1088,1.0,0,1,0,0,0,2,1.0,0
1089,0.0,-1,1,0,0,1,2,1.0,0
1090,0.0,0,1,0,0,3,2,1.0,1
1091,1.0,0,-1,0,-1,4,2,1.0,0
1092,0.0,1,1,0,0,2,3,1.0,1
1093,0.0,-1,1,0,0,1,2,2.0,0
1094,0.0,-1,1,0,0,3,-1,0,0
1095,0.0,-1,0,0,0,2,2,1.0,0
1096,2.0,0,1,0,0,3,0,1.0,0
1097,0.0,0,1,0,0,4,-1,1.0,1
1098,1.0,0,1,1,0,0,2,1.0,0
1099,0.0,2,1,1,0,0,2,1.0,2
1100,1.0,0,-1,0,0,5,0,1.0,0
1101,1.0,0,1,0,0,2,2,1.0,0
1102,0.0,1,0,0,0,2,0,1.0,1
1103,1.0,0,1,1,1,1,2,1.0,2
1104,0.0,0,0,0,0,0,2,1.0,1
1105,0.0,-1,0,0,0,2,2,2.0,0
1106,1.0,0,1,0,0,3,0,1.0,2
1107,1.0,0,1,0,0,1,2,1.0,0
1108,0.0,0,1,1,0,2,1,1.0,1
1109,1.0,1,0,0,0,3,0,1.0,0
1110,1.0,0,1,0,0,4,2,1.0,0
1111,0.0,-1,0,0,0,3,2,1.0,0
1112,1.0,0,1,0,0,1,2,1.0,0
1113,1.0,0,1,0,0,1,2,1.0,0
1114,0.0,0,1,0,0,4,2,1.0,1
1115,1.0,0,0,0,0,1,1,1.0,0
1116,1.0,2,1,1,1,4,2,1.0,5
1117,1.0,0,1,0,0,3,2,1.0,1
1118,3.0,2,1,0,0,4,2,1.0,0
1119,0.0,0,-1,0,-1,1,0,0,1
1120,0.0,0,1,1,0,2,0,1.0,1
1121,3.0,0,1,0,0,3,2,1.0,0
1122,2.0,1,1,0,0,4,2,1.0,0
1123,1.0,0,0,0,0,1,2,1.0,0
1124,0.0,-1,-1,0,-1,3,2,1.0,0
1125,0.0,0,0,1,0,0,3,1.0,1
1126,2.0,0,1,0,0,2,2,2.0,0
1127,0.0,0,1,0,0,6,1,1.0,1
1128,2.0,0,1,0,0,6,0,1.0,0
1129,1.0,0,-1,0,0,0,0,1.0,0
1130,0.0,0,1,1,0,4,2,1.0,1
1131,0.0,-1,0,0,0,2,0,1.0,0
1132,0.0,-1,0,0,0,0,2,1.0,0
1133,1.0,0,-1,0,0,0,0,0,1
1134,0.0,-1,0,0,-1,1,1,1.0,0
1135,0.0,0,1,1,0,1,2,1.0,1
1136,2.0,1,1,0,0,1,-1,1.0,0
1137,0.0,0,1,1,0,2,2,1.0,1
1138,7.0,-1,-1,0,0,6,0,0,0
1139,1.0,0,1,0,0,2,3,1.0,0
1140,0.0,-1,0,0,1,3,0,2.0,0
1141,0.0,-1,1,0,0,1,0,1.0,0
1142,3.0,0,-1,0,0,5,0,0,1
1143,0.0,0,1,-1,-1,0,2,0,1
1144,1.0,0,1,0,0,6,2,1.0,0
1145,0.0,0,1,0,0,4,0,1.0,1
1146,0.0,-1,0,0,0,5,2,1.0,0
1147,0.0,-1,0,0,0,6,0,1.0,0
1148,1.0,1,0,0,0,1,0,1.0,0
1149,1.0,1,0,0,0,4,2,0,0
1150,1.0,0,1,0,0,1,0,1.0,0
1151,1.0,0,1,0,0,2,2,1.0,0
1152,0.0,-1,1,0,0,3,2,1.0,0
1153,0.0,-1,0,0,0,3,3,1.0,0
1154,1.0,0,0,1,0,1,2,1.0,0
1155,0.0,-1,0,0,0,1,1,1.0,0
1156,1.0,0,0,0,0,2,2,1.0,0
1157,0.0,-1,0,2,2,1.0,0,-1,-1
1158,1.0,0,1,0,0,4,2,1.0,0
1159,0.0,-1,1,0,0,4,2,1.0,0
1160,4.0,2,1,0,0,1,2,1.0,0
1161,0.0,1,1,1,0,4,2,1.0,2
1162,0.0,-1,0,2,0,1.0,0,0,0
1163,1.0,0,1,0,0,2,2,1.0,0
1164,2.0,2,1,0,0,4,2,1.0,0
1165,4.0,2,0,0,0,0,2,1.0,0
1166,1.0,0,1,0,0,1,2,1.0,0
1167,2.0,2,1,0,0,5,2,1.0,1
1168,1.0,0,0,0,0,0,2,1.0,0
1169,1.0,1,1,1,0,2,2,1.0,0
1170,1.0,2,1,0,0,3,2,1.0,1
1171,1.0,0,0,0,0,4,0,1.0,0
1172,0.0,-1,0,0,0,4,1,1.0,0
1173,1.0,0,0,0,0,4,2,1.0,0
1174,2.0,2,0,0,0,6,2,1.0,0
1175,3.0,2,1,0,0,2,2,2.0,1
1176,0.0,0,1,0,0,3,0,1.0,1
1177,1.0,1,-1,0,0,3,1,0,0
1178,1.0,0,1,1,0,0,2,1.0,1
1179,2.0,0,-1,0,0,2,1,1.0,0
1180,1.0,0,1,0,0,4,2,1.0,0
1181,0.0,0,1,0,0,2,2,1.0,0
1182,2.0,1,1,1,0,3,2,1.0,1
1183,0.0,0,1,1,0,4,2,1.0,1
1184,1.0,0,1,0,0,0,2,1.0,0
1185,2.0,2,0,0,1,2,0,1.0,2
1186,1.0,0,-1,0,-1,4,2,0,0
1187,1.0,0,-1,0,0,3,2,0,0
1188,1.0,0,1,0,0,1,2,1.0,0
1189,2.0,0,1,0,0,3,2,2.0,0
1190,1.0,1,-1,0,0,5,2,1.0,0
1191,4.0,2,1,0,0,1,2,4.0,0
1192,1.0,0,1,0,0,1,1,1.0,0
1193,0.0,0,1,1,0,2,2,1.0,1
1194,0.0,0,1,1,0,3,2,1.0,1
1195,1.0,1,0,0,0,4,2,1.0,0
1196,0.0,-1,0,0,0,3,0,1.0,0
1197,0.0,-1,0,0,0,3,1,1.0,0
1198,1.0,0,1,-1,-1,4,2,0,0
1199,1.0,0,1,0,0,4,2,1.0,0
1200,0.0,-1,0,0,0,1,1,1.0,0
1201,0.0,-1,0,0,0,1,0,1.0,0
1202,2.0,0,0,0,1,4,2,1.0,0
1203,3.0,2,1,0,0,4,2,2.0,0
1204,0.0,-1,0,0,0,0,2,1.0,0
1205,0.0,-1,1,1,0,5,1,1.0,1
1206,1.0,0,1,0,0,1,2,1.0,0
1207,0.0,0,1,0,0,1,1,2.0,1
1208,1.0,2,1,1,0,0,0,1.0,3
1209,0.0,0,-1,0,0,5,2,0,1
1210,1.0,0,0,0,0,0,0,1.0,0
1211,0.0,0,1,1,0,1,2,1.0,1
1212,1.0,0,1,0,0,2,1,1.0,1
1213,0.0,-1,1,0,0,2,2,1.0,0
1214,2.0,1,1,0,0,4,0,3.0,0
1215,1.0,0,0,0,0,3,2,1.0,0
1216,1.0,0,1,0,0,2,2,1.0,0
1217,1.0,0,1,1,0,4,2,1.0,1
1218,1.0,0,1,1,0,3,2,1.0,0
1219,1.0,0,1,0,0,4,2,0,0
1220,0.0,-1,0,0,0,4,-1,1.0,0
1221,3.0,2,1,0,1,2,2,1.0,1
1222,1.0,0,1,0,1,2,2,1.0,0
1223,0.0,1,1,1,0,4,2,1.0,1
1224,5.0,2,-1,0,0,4,2,0,0
1225,1.0,0,1,0,0,5,0,1.0,0
1226,1.0,1,0,0,0,4,1,1.0,0
1227,2.0,2,0,0,0,3,2,1.0,0
1228,0.0,-1,0,0,0,4,0,1.0,0
1229,18.0,2,0,1,0,1,0,1.0,6
1230,0.0,0,1,1,0,1,2,1.0,1
1231,0.0,-1,-1,0,0,4,2,0,0
1232,3.0,2,1,0,0,3,2,3.0,0
1233,0.0,-1,0,1,0,1.0,0,0,0
1234,0.0,-1,0,0,0,2,2,1.0,0
1235,0.0,0,1,1,0,3,2,1.0,1
1236,0.0,2,0,1,1,3,2,1.0,3
1237,0.0,-1,1,0,0,0,2,2.0,0
1238,2.0,0,0,0,0,1,2,1.0,0
1239,0.0,-1,0,0,0,3,0,1.0,0
1240,1.0,0,1,0,0,1,2,1.0,0
1241,1.0,0,1,0,0,2,0,1.0,0
1242,0.0,0,1,0,0,6,2,0,2
1243,0.0,-1,0,0,0,6,0,2.0,0
1244,0.0,-1,0,3,2,0,0,0,0
1245,0.0,-1,0,0,0,4,-1,1.0,0
1246,0.0,0,1,1,0,1,0,1.0,1
1247,0.0,0,1,-1,-1,1,2,0,1
1248,1.0,1,1,0,0,0,2,1.0,0
1249,0.0,-1,1,0,0,0,2,1.0,0
1250,18.0,2,0,0,1,1,2,1.0,2
1251,0.0,-1,1,0,0,3,2,1.0,0
1252,0.0,-1,-1,0,0,4,2,0,0
1253,0.0,0,0,0,0,2,2,3.0,1
1254,2.0,2,0,0,0,3,1,1.0,0
1255,0.0,-1,0,0,0,0,0,1.0,0
1256,1.0,0,1,0,0,0,2,2.0,0
1257,0.0,-1,-1,0,0,3,2,1.0,0
1258,1.0,0,1,0,0,4,2,1.0,0
1259,17.0,2,0,0,1,2,2,1.0,17
1260,1.0,0,0,-1,-1,3,2,1.0,0
1261,0.0,0,1,1,1,1,1,1.0,1
1262,0.0,-1,0,0,0,0,2,1.0,0
1263,0.0,-1,0,0,0,2,2,1.0,0
1264,0.0,0,1,1,0,0,2,1.0,1
1265,1.0,2,0,0,0,2,2,1.0,1
1266,1.0,0,0,0,0,4,2,1.0,0
1267,3.0,-1,0,0,0,1,2,1.0,0
1268,0.0,-1,0,0,0,1,1,1.0,0
1269,0.0,-1,1,0,0,4,2,1.0,0
1270,1.0,1,0,0,0,0,0,1.0,0
1271,1.0,2,1,1,0,1,2,1.0,2
1272,0.0,-1,0,0,0,2,2,1.0,0
1273,1.0,0,1,0,0,0,1,1.0,0
1274,1.0,0,1,0,0,3,1,1.0,0
1275,0.0,-1,0,0,0,3,2,1.0,0
1276,1.0,0,0,0,1,4,2,1.0,0
1277,0.0,-1,1,0,0,0,2,1.0,0
1278,0.0,-1,0,0,0,3,2,1.0,0
1279,1.0,0,-1,0,0,3,1,0,0
1280,1.0,0,1,0,0,4,2,1.0,0
1281,1.0,0,0,0,0,2,2,1.0,0
1282,2.0,-1,1,0,0,3,2,1.0,0
1283,13.0,2,1,0,1,4,2,1.0,10
1284,2.0,1,1,0,0,4,2,1.0,1
1285,1.0,1,0,0,0,0,2,0,0
1286,2.0,2,1,0,0,4,1,1.0,0
1287,0.0,0,1,1,0,4,2,1.0,1
1288,0.0,-1,1,0,0,4,0,1.0,0
1289,0.0,0,-1,0,0,6,2,0,1
1290,1.0,1,-1,0,0,3,2,1.0,0
1291,2.0,0,1,0,0,6,2,1.0,0
1292,1.0,0,1,0,0,0,0,2.0,0
1293,0.0,0,-1,0,0,6,0,0,1
1294,1.0,0,1,0,0,1,0,1.0,1
1295,0.0,0,-1,0,-1,2,1,0,1
1296,0.0,-1,0,0,0,1,2,1.0,0
1297,0.0,0,-1,0,0,3,1,0,1
1298,0.0,0,-1,0,0,5,2,0,1
1299,2.0,0,1,0,0,4,2,0,0
1300,2.0,0,1,0,0,4,2,1.0,1
1301,3.0,0,1,0,0,4,2,0,0
1302,1.0,0,1,0,0,1,1,1.0,0
1303,0.0,0,1,0,0,2,0,1.0,1
1304,0.0,-1,1,0,0,3,0,1.0,0
1305,1.0,0,1,0,0,3,2,1.0,0
1306,0.0,1,1,0,0,4,1,1.0,0
1307,0.0,0,1,0,0,0,0,1.0,1
1308,1.0,0,1,0,0,2,2,1.0,1
1309,0.0,0,-2,-1,-1,6,2,1.0,0
1310,3.0,0,1,0,0,0,2,1.0,0
1311,1.0,1,-1,0,0,0,2,1.0,0
1312,0.0,0,1,0,0,1,2,1.0,1
1313,0.0,-1,0,0,0,4,2,1.0,0
1314,0.0,-1,1,0,0,4,2,1.0,0
1315,1.0,0,0,0,0,0,0,1.0,0
1316,2.0,-1,-1,0,0,3,2,0,0
1317,0.0,-1,1,0,0,0,0,1.0,0
1318,0.0,1,1,0,0,0,2,2.0,1
1319,0.0,-1,0,0,0,2,1,1.0,0
1320,1.0,0,1,0,0,3,2,1.0,0
1321,0.0,-1,-1,0,0,1,0,1.0,0
1322,1.0,0,1,0,0,2,0,1.0,0
1323,0.0,-1,0,0,0,3,0,1.0,0
1324,2.0,2,1,0,0,4,2,1.0,0
1325,1.0,-1,-1,0,0,4,2,1.0,0
1326,1.0,0,1,0,0,5,2,1.0,1
1327,1.0,1,0,0,0,1,0,1.0,0
1328,0.0,-1,1,0,0,3,2,1.0,0
1329,0.0,0,1,0,0,0,2,1.0,1
1330,1.0,0,1,0,0,6,0,1.0,1
1331,0.0,0,-1,0,0,0,1,1.0,0
1332,1.0,0,1,0,0,3,0,2.0,0
1333,1.0,1,0,0,0,1,0,1.0,0
1334,0.0,-1,0,0,0,2,1,1.0,0
1335,1.0,0,1,0,0,3,2,1.0,0
1336,0.0,0,1,0,0,3,2,1.0,1
1337,0.0,-1,0,0,0,2,2,0,0
1338,2.0,2,-1,0,0,1,0,1.0,0
1339,0.0,-1,-1,1,1,3,1,1.0,1
1340,0.0,-1,0,0,0,4,2,1.0,0
1341,0.0,0,1,0,0,0,0,1.0,1
1342,0.0,0,1,0,0,4,1,1.0,1
1343,0.0,-1,1,0,0,4,2,1.0,0
1344,0.0,-1,1,0,0,4,2,0,0
1345,1.0,-1,0,0,0,4,1,0,0
1346,2.0,0,1,0,0,5,1,1.0,0
1347,1.0,0,-1,0,0,2,0,0,0
1348,0.0,-1,-1,0,0,4,2,2.0,0
1349,2.0,0,1,0,0,4,2,1.0,0
1350,1.0,0,1,0,0,2,2,1.0,0
1351,1.0,0,1,0,0,3,2,1.0,0
1352,1.0,0,1,0,0,1,-1,1.0,0
1353,1.0,0,1,0,0,4,2,1.0,0
1354,0.0,-1,1,0,-1,3,2,1.0,0
1355,0.0,0,1,0,0,6,2,1.0,1
1356,1.0,0,1,0,0,1,2,1.0,0
1357,1.0,-1,0,0,0,4,0,1.0,0
1358,0.0,1,1,1,0,2,2,1.0,1
1359,1.0,-1,0,0,0,4,0,1.0,0
1360,1.0,0,1,0,0,0,2,1.0,0
1361,0.0,-1,1,0,0,2,0,0,0
1362,1.0,-1,0,0,0,4,3,1.0,0
1363,0.0,-1,-1,0,0,6,0,0,0
1364,0.0,0,1,1,0,2,1,1.0,1
1365,0.0,0,1,1,0,2,2,1.0,1
1366,10.0,2,0,0,0,3,0,1.0,0
1367,0.0,-1,1,0,0,4,2,1.0,0
1368,0.0,-1,0,0,0,1,2,1.0,0
1369,0.0,-1,0,-1,-1,1,1,1.0,0
1370,8.0,2,-1,0,1,1,2,2.0,1
1371,0.0,-1,-1,0,-1,4,2,1.0,0
1372,1.0,0,1,0,0,4,2,1.0,0